category,time_bucket,account,account_user,date,from,subject,hit_keywords,body_preview,detected_at,fetch_mode,uid
店铺绩效类,older,account_4,weihaizhongxin2024@126.com,"Sun, 21 Jun 2026 14:27:31 +0000",Fulfillment by Amazon Operations <fba-noreply@amazon.com>,Automated unfulfillable FBA inventory removal notification,,"96
 Hello Weihai US,
The following automated unfulfillable FBA removal orders have been created based on your automated settings.
 Removal order ID 1M28ecQsao
 You can view the removals on Removal Order Details in your seller account by using the Search tool.
The next removal order will be created as scheduled on June 22, 2026 in accordance with your settings if you have unfulfillable inventory at that time.
To make changes to the shipping address, frequency of your automated unfulfillable removals, or other settings, go to Automated unfulfillable removal settings in your seller account.
 Thank you.
The Fulfillment by Amazon team
Please note: This email was sent from a notification-only address that cannot accept incoming email. Please do not reply to this email.
 Report an issue with this email
 If you have any questions visit: Seller Central
 To change your email preferences visit: Notification Preferences
 Copyright 2026 Amazon, Inc, or its affiliates. All rights reserved.
 Amazon.com, 410 Terry Avenue North, Seattle, WA 98109-5210
 SPC-USAmazon-492583430909528",2026-07-21 06:35:23,RETR,xtbBpRfawGo39NdwTwAA3p
付款/资金类,older,account_4,weihaizhongxin2024@126.com,"Sun, 21 Jun 2026 12:50:33 +0000",Amazon Services <donotreply@amazon.com>,Your payment is on the way,,"96
This title will display on mobile devices
 Congratulations! Your payment is on the way and will arrive soon.
 Disbursement attempted
Congratulations Weihai CA! Your payment is on the way and will arrive within three to five days.
On 06/21/26 12:50 EDT, we initiated a transfer to your payment method (bank account ending in 151) in the amount of CAD
 304.60.
 If the amount is less than expected, here are a few questions to consider:
 Do you have an unavailable balance? Amazon might be reserving money to cover potential returns, claims or chargebacks from buyers. If this is the case, the closing balance in your Payment Report will display the unavailable balance that is reserved.
 Did your sales cover all fees and returns for this statement period? The payment amount reflects sales activities, selling fees and fees for promotions or services. We recommend reviewing your Payment Report under the Reports tab in Seller Central to understand your closing balance.
To learn more about Payment Reports in Seller Central, please visit our official course.
We wish you continued success!
Thank you for selling in the Amazon Store,
Amazon Services
Help us improve your payment experience on Amaz",2026-07-21 06:35:23,RETR,xtbBshwnDWo33hzUzwAA3A
法务/侵权类,older,account_4,weihaizhongxin2024@126.com,"Sun, 21 Jun 2026 12:49:43 +0000",Amazon Services <donotreply@amazon.com>,Pagamento elaborato con successo,,"96
This title will display on mobile devices
 Congratulazioni. Il pagamento è stato elaborato con successo e ti sarà accreditato a breve.
 Tentativo di pagamento
Congratulazioni Weihai EU! Il pagamento è stato elaborato con successo e ti sarà accreditato nel giro di da tre a cinque giorni.
In data 06/21/26 12:49 CEST, abbiamo avviato un trasferimento sul tuo metodo di pagamento (conto bancario che termina con 229) dell’importo di €
 204,78.
 Se l’importo è inferiore a quanto atteso, tieni in considerazione le seguenti domande:
 Hai un saldo non disponibile? Amazon potrebbe trattenere una certa somma per coprire i costi di eventuali resi, reclami o contestazioni di una transazione (chargeback) da parte degli acquirenti. In questo caso, il saldo finale nel tuo report sui pagamenti mostrerà il saldo non disponibile corrispondente alla cifra trattenuta.
 Le tue vendite coprono tutte le commissioni e i resi per questo ciclo di fatturazione? L’importo del pagamento rispecchia le attività di vendita, le commissioni di vendita e le tariffe per promozioni o servizi. Ti consigliamo di rivedere il report sui pagamenti nella scheda Report di Seller Central per comprendere le diverse spese che ",2026-07-21 06:35:21,RETR,xtbBsgsaAGo33evTHwAA3E
